Packing fraction,Avg_diameter_mean,Avg_diameter_variance,Porosity_mean,Porosity_variance,Surface_mean,Surface_variance,Euler_total_mean,Euler_total_variance,Euler_mean_vol_mean,Euler_mean_vol_variance,Euler_mean_shape_mean,Euler_mean_shape_variance,Permeability_mean,Permeability_variance,Energy_mean,Energy_variance,Samples,Mean_error,Variance_error
0.100,0.007978845608028648,5.402578411571407e-16,0.9297820529448184,0.007551305553136585,39.80945609940137,0.06944698342169336,1442.4386390808518,0.0013736430781803599,1442.4386390808518,0.0013736430781803599,1.0,0.0,4.97473513098919e-05,0.07073461180204893,4.905591225019997e-05,0.07078798680518096,25,0.2,0.14433756729740646
0.200,0.007978845608028648,5.402578411571407e-16,0.8596733915450392,0.01599931722202603,79.50598903700117,0.06944983331797498,2883.638170048389,0.0011266780814551374,2883.638170048389,0.0011266780814551374,1.0,0.0,1.3419765241834546e-05,0.10485651600623494,1.3098805492335272e-05,0.10554346967161161,25,0.2,0.14433756729740646
0.300,0.007978845608028648,6.217248937900875e-16,0.7898302319351497,0.025451706540404514,118.98321084826107,0.06916047329988581,4320.957949253209,0.0009743285888585353,4320.957949253209,0.0009743285888585353,1.0,0.0,5.512468525612146e-06,0.13521022208869482,5.3277532192490335e-06,0.13664947013765913,25,0.2,0.14433756729740646
0.400,0.007978845608028648,5.824175385795271e-16,0.7204363170699677,0.036171941220417815,158.09652136278459,0.06917971832106444,5750.7572651131,0.0009752093900359363,5750.7572651131,0.0009752093900359363,1.0,0.0,2.7362164369042298e-06,0.16357817809332656,2.6224686851193136e-06,0.1655691721152639,25,0.2,0.14433756729740646
0.500,0.007978845608028648,5.178925639311148e-16,0.6599489981427467,0.046835951902625766,192.1192486901326,0.0692458326122742,6991.179922546517,0.002396957400922485,6991.179922546517,0.002396957400922485,1.0,0.0,1.5739105032343327e-06,0.19996823193366717,1.5004388734087495e-06,0.20232384571662412,25,0.2,0.14433756729740646
