Sample,Avg_diameter,Porosity,Surface,Euler_total,Euler_mean_vol,Euler_mean_shape,Permeability,Energy
1,0.006394304873918334,0.95736021437291,31.108042537321,1171,1171.0,1,6.544546393487868e-05,6.476689485304095e-05
2,0.006430926202833048,0.9568601287445999,31.263296697707,1177,1177.0,1,6.6783362381462e-05,6.611137918120304e-05
3,0.006406242705026663,0.95704057452702,31.186920121349,1185,1185.0,1,6.633688063665326e-05,6.564918761306412e-05
4,0.0064391523895271936,0.9578888404600601,30.514874929342998,1139,1139.0,1,6.837134449059359e-05,6.768115791387401e-05
5,0.00642307922574439,0.95739593617222,30.925763749354,1160,1160.0,1,6.717996979037027e-05,6.64886083873259e-05
