Sample,Avg_diameter,Porosity,Surface,Euler_total,Euler_mean_vol,Euler_mean_shape,Permeability,Energy
1,0.005614180643038995,0.93982034839859,72.687025259822,4088,4088.0,1,1.5349769891708855e-05,1.49066136152304e-05
2,0.005644194606420552,0.93948104353636,73.085964988299,4114,4114.0,1,1.5234627995127898e-05,1.4791965784091062e-05
3,0.005631088579768612,0.93997321614945,72.490503947135,4078,4078.0,1,1.5286539983864205e-05,1.4842284087175333e-05
4,0.005619427204250879,0.93970727162654,72.834875788208,4097,4097.0,1,1.5342634922153566e-05,1.4901015180743364e-05
5,0.0056203348572938325,0.93884658127344,73.853048454066,4153,4153.0,1,1.5068687825988491e-05,1.4630731192091728e-05
