Sample,Avg_diameter,Porosity,Surface,Euler_total,Euler_mean_vol,Euler_mean_shape,Permeability,Energy
1,0.007295549816791324,0.88486320695712,92.94559558381701,4753,4753.0,1,8.953003172351029e-06,8.685965687832533e-06
2,0.007309565497714755,0.88469149488922,93.08464990825199,4770,4770.0,1,8.822644212399344e-06,8.557183090672377e-06
3,0.0072965146872025445,0.88615172388403,91.89075910322501,4708,4708.0,1,9.031231525830844e-06,8.760014935958528e-06
4,0.007281558324118573,0.8861722145871099,91.90970321996001,4704,4704.0,1,9.136791956219357e-06,8.86320800749246e-06
5,0.0073022403830844615,0.88420270965942,93.443015758423,4781,4781.0,1,8.739895946118774e-06,8.473934535702059e-06
