Sample,Avg_diameter,Porosity,Surface,Euler_total,Euler_mean_vol,Euler_mean_shape,Permeability,Energy
1,0.005609956680317518,0.9603878742811601,47.847715838556994,2688,2688.0,1,3.068520734077443e-05,2.9993455314617016e-05
2,0.005645019830038281,0.9602118380660699,48.05909277612,2702,2702.0,1,3.0393276252816743e-05,2.9700626828416257e-05
3,0.005626491746247456,0.96000338825274,48.327741577211,2713,2713.0,1,3.021416677179859e-05,2.9526199557697337e-05
4,0.005618563270600542,0.9607355131259,47.454229761522996,2664,2664.0,1,3.0875243125003337e-05,3.01836973117292e-05
5,0.00562436902589707,0.95986031705228,48.510894692399,2720,2720.0,1,3.012530974413233e-05,2.9444990160920064e-05
