Sample,Avg_diameter,Porosity,Surface,Euler_total,Euler_mean_vol,Euler_mean_shape,Permeability,Energy
1,0.005179746038566003,0.8889257241574899,134.35206216283999,7656,7656.0,1,5.3176499118034565e-06,5.080233194974021e-06
2,0.005191515607203917,0.8874436950318999,136.15099007495002,7764,7764.0,1,5.194228453940061e-06,4.961746999306047e-06
3,0.005200046251127987,0.8874421430128199,136.14183045722,7764,7764.0,1,5.137852199058382e-06,4.904860241591118e-06
4,0.005202119822745895,0.8884479045415601,134.9131415795,7686,7686.0,1,5.187101673123732e-06,4.953132063759792e-06
5,0.0051838364011198654,0.8883204505017701,135.08580345421,7705,7705.0,1,5.213871893582923e-06,4.981080869945686e-06
