Packing fraction,Blobiness,Porosity,Porosity_variance,Surface,Surface_variance,Permeability,Permeability_variance,Energy_mean,Energy_variance,Samples,Mean_error,Variance_error
0.640,10,0.6489146802091049,0.048070903885975146,16.434406101923244,0.05179817127058397,6.246328397326916e-05,1.6713890240882392,4.317122324122204e-05,2.967087725206894,100,0.1,0.07106690545187015
