Packing fraction,Avg_diameter_mean,Avg_diameter_variance,Porosity_mean,Porosity_variance,Surface_mean,Surface_variance,Euler_total_mean,Euler_total_variance,Euler_mean_vol_mean,Euler_mean_vol_variance,Euler_mean_shape_mean,Euler_mean_shape_variance,Permeability_mean,Permeability_variance,Energy_mean,Energy_variance,Samples,Mean_error,Variance_error
0.070,0.006187841785433797,0.0057666395275911405,0.9119630809984784,0.0008049551891639859,59.04646334450538,0.005263645219125237,2705.384162986983,0.0018691414824118496,2705.384162986983,0.0018691414824118496,1.0,0.0,2.1975012774545103e-05,0.014560320724997081,2.1514752097097015e-05,0.015031501188478721,18,0.23570226039551587,0.17149858514250882
0.120,0.006108088277446537,0.004622708175502732,0.8524776662603335,0.001203180915350753,99.73357092481639,0.004497601220885194,4632.769056278248,0.00194021571005486,4632.769056278248,0.00194021571005486,1.0,0.0,7.900726751192767e-06,0.010830110430596165,7.658842483568497e-06,0.011635923531663506,18,0.23570226039551587,0.17149858514250882
0.170,0.005947475726569585,0.003898215437495455,0.8005631235611042,0.00132652620676141,137.00049965911037,0.0035525191040101317,6543.65390076241,0.001975172098602535,6543.65390076241,0.001975172098602535,1.0,0.0,4.006016974552718e-06,0.011569264104576246,3.85302856060074e-06,0.011964861359187834,18,0.23570226039551587,0.17149858514250882
0.220,0.005655471988209765,0.0036336900402867494,0.7633546356010725,0.0015170810695452892,167.3914553969938,0.0030230552771253996,8419.375644825297,0.0017734982877227242,8419.375644825297,0.0017734982877227242,1.0,0.0,2.5452985103260585e-06,0.008589817731542191,2.434492496591627e-06,0.009082062984565181,18,0.23570226039551587,0.17149858514250882
0.270,0.0052572843479974695,0.002934319604566647,0.7436555481689596,0.0015112013873811918,188.5811332626224,0.002931391865616962,10210.754979241457,0.0021130283129246466,10210.754979241457,0.0021130283129246466,1.0,0.0,1.9287614951285197e-06,0.008813542269451422,1.8390057236031425e-06,0.00923569550252319,18,0.23570226039551587,0.17149858514250882
0.320,0.005223604635299268,0.008071930543691578,0.9276475219859708,0.030079228661698335,52.85899234602195,0.31595159971446163,4523.515898659052,0.013794323004100011,4523.515898659052,0.013794323004100011,1.0,0.0,2.5610372911188695e-05,0.5627236256394942,2.5076843595295373e-05,0.5679348168992676,18,0.23570226039551587,0.17149858514250882
