Packing fraction,Avg_diameter_mean,Avg_diameter_variance,Porosity_mean,Porosity_variance,Surface_mean,Surface_variance,Euler_total_mean,Euler_total_variance,Euler_mean_vol_mean,Euler_mean_vol_variance,Euler_mean_shape_mean,Euler_mean_shape_variance,Permeability_mean,Permeability_variance,Energy_mean,Energy_variance,Samples,Mean_error,Variance_error
0.070,0.006190229189309829,0.0053251540972000045,0.9119143957873908,0.0007408465364087462,59.0747358359349,0.004923045744042602,2705.370783238241,0.0017655593626899413,2705.370783238241,0.0017655593626899413,1.0,0.0,2.194247732940526e-05,0.01351548096500882,2.1481666216098242e-05,0.01392931425107302,24,0.20412414523193154,0.14744195615489714
0.170,0.005948188963033105,0.0036607627095139074,0.8004850286438333,0.0012899447259512261,137.0235855853865,0.0034600621854429174,6544.321532578823,0.0018990055294306996,6544.321532578823,0.0018990055294306996,1.0,0.0,4.004834979154031e-06,0.010743132912808822,3.851367382996377e-06,0.01108002074334153,24,0.20412414523193154,0.14744195615489714
0.220,0.0056544372626889895,0.0033473362001833085,0.7633698940789608,0.0014171926546164382,167.38947984732755,0.0028036656031380815,8420.738769179343,0.001633129307007938,8420.738769179343,0.001633129307007938,1.0,0.0,2.5438019836908424e-06,0.008513969093475873,2.432891085069877e-06,0.008925591261646165,24,0.20412414523193154,0.14744195615489714
0.270,0.005256204987076312,0.002760399814982458,0.7437553709652419,0.0014138257662630713,188.5233256188091,0.002888197894790462,10209.397898423123,0.001917231876124673,10209.397898423123,0.001917231876124673,1.0,0.0,1.9287954194310242e-06,0.00803423101431831,1.8389007902306687e-06,0.008392872820156085,24,0.20412414523193154,0.14744195615489714
0.320,0.005222989990088792,0.0072264882199538924,0.9251590281637717,0.030668218548193786,54.439395080512945,0.3218037590183502,4526.121863407458,0.012951989055657616,4526.121863407458,0.012951989055657616,1.0,0.0,2.4284700798021217e-05,0.5732755239957598,2.3764703422545155e-05,0.5787578716194781,24,0.20412414523193154,0.14744195615489714
