Packing fraction,Avg_diameter_mean,Avg_diameter_variance,Porosity_mean,Porosity_variance,Surface_mean,Surface_variance,Euler_total_mean,Euler_total_variance,Euler_mean_vol_mean,Euler_mean_vol_variance,Euler_mean_shape_mean,Euler_mean_shape_variance,Permeability_mean,Permeability_variance,Energy_mean,Energy_variance,Samples,Mean_error,Variance_error
0.070,0.004806692681943628,0.005766639527591172,0.9468452999060143,0.00047204468034151264,53.38289168152942,0.005294325010226276,2705.384162986983,0.0018691414824118496,2705.384162986983,0.0018691414824118496,1.0,0.0,2.7572040181185842e-05,0.01164764442612791,2.6925180978059315e-05,0.012067696350650673,18,0.23570226039551587,0.17149858514250882
0.120,0.004744740451021361,0.004622708175502726,0.9109271544464465,0.0006830347546715853,90.17518812506235,0.0044675318154577095,4632.769056278248,0.00194021571005486,4632.769056278248,0.00194021571005486,1.0,0.0,1.0816777090041432e-05,0.008121205394537704,1.0463890276646659e-05,0.008904100772306,18,0.23570226039551587,0.17149858514250882
0.170,0.0046199772137411315,0.0038982154374954813,0.8795723249852362,0.0007322695941813031,123.88590359166298,0.0034883663633112245,6543.65390076241,0.001975172098602535,6543.65390076241,0.001975172098602535,1.0,0.0,5.927238377760887e-06,0.008835552757499037,5.692063654027278e-06,0.00925794836250171,18,0.23570226039551587,0.17149858514250882
0.220,0.004393149786514676,0.0036336900402867216,0.857083044273229,0.0008165331438110107,151.388865529127,0.002957387265628276,8419.375644825297,0.0017734982877227242,8419.375644825297,0.0017734982877227242,1.0,0.0,3.994903704323406e-06,0.006068165100531431,3.8150267035568105e-06,0.006601337728999973,18,0.23570226039551587,0.17149858514250882
0.270,0.0040838390958705855,0.0029343196045666046,0.8451788635831711,0.0008066530377082899,170.55865362839904,0.0029049241490919833,10210.754979241457,0.0021130283129246466,10210.754979241457,0.0021130283129246466,1.0,0.0,3.125035201080712e-06,0.0060100470803410065,2.9728418365171563e-06,0.006204599471597598,18,0.23570226039551587,0.17149858514250882
0.320,0.004057676819236844,0.008071930543691513,0.933355675978314,0.000651265557627562,74.39278501506104,0.009471324693989324,4523.515898659052,0.013794323004100011,4523.515898659052,0.013794323004100011,1.0,0.0,1.5071735263870398e-05,0.018394552931335243,1.460463959109034e-05,0.018118273365561852,18,0.23570226039551587,0.17149858514250882
