Packing fraction,Avg_diameter_mean,Avg_diameter_variance,Porosity_mean,Porosity_variance,Surface_mean,Surface_variance,Euler_total_mean,Euler_total_variance,Euler_mean_vol_mean,Euler_mean_vol_variance,Euler_mean_shape_mean,Euler_mean_shape_variance,Permeability_mean,Permeability_variance,Energy_mean,Energy_variance,Samples,Mean_error,Variance_error
0.070,0.0048085472084712375,0.005325154097200044,0.9468162232850383,0.0004338674748084604,53.40996959985175,0.0049712758865048026,2705.370783238241,0.0017655593626899413,2705.370783238241,0.0017655593626899413,1.0,0.0,2.7538708704545407e-05,0.010705994605526065,2.6891080193431723e-05,0.011077441005132442,24,0.20412414523193154,0.14744195615489714
0.170,0.004620531253196013,0.003660762709513934,0.8795218589680698,0.0007126439466965645,123.91154242189195,0.0034374580971832484,6544.321532578823,0.0018990055294306996,6544.321532578823,0.0018990055294306996,1.0,0.0,5.927414949666741e-06,0.00837832995432005,5.691678774038005e-06,0.008725476436564976,24,0.20412414523193154,0.14744195615489714
0.220,0.004392346015545573,0.0033473362001833016,0.8570907564210622,0.0007597621551975786,151.38972909064566,0.002749062718020957,8420.738769179343,0.001633129307007938,8420.738769179343,0.001633129307007938,1.0,0.0,3.994075369431652e-06,0.006001140672833058,3.8139416050312687e-06,0.006444759921937469,24,0.20412414523193154,0.14744195615489714
0.270,0.0040830006522870575,0.002760399814982431,0.8452385118588789,0.0007514462085426555,170.5088598849738,0.0028645290064929583,10209.397898423123,0.001917231876124673,10209.397898423123,0.001917231876124673,1.0,0.0,3.1249389463574246e-06,0.00554601618877978,2.9724292112563464e-06,0.00572140072765987,24,0.20412414523193154,0.14744195615489714
0.320,0.00405719936510378,0.007226488219953875,0.9332976206760301,0.0006939425992298851,74.43774381241256,0.009637436475072954,4526.121863407458,0.012951989055657616,4526.121863407458,0.012951989055657616,1.0,0.0,1.5051266495050664e-05,0.017404736689955954,1.4583160264202162e-05,0.017234712912039353,24,0.20412414523193154,0.14744195615489714
