Packing fraction,Avg_diameter_mean,Avg_diameter_variance,Porosity_mean,Porosity_variance,Surface_mean,Surface_variance,Euler_total_mean,Euler_total_variance,Euler_mean_vol_mean,Euler_mean_vol_variance,Euler_mean_shape_mean,Euler_mean_shape_variance,Permeability_mean,Permeability_variance,Energy_mean,Energy_variance,Samples,Mean_error,Variance_error
0.100,0.006197937847207068,2.869105007834548e-15,0.957605284169557,0.004462251210250088,36.02997191590299,0.06948507927819404,1442.4386390808518,0.0013736430781803599,1442.4386390808518,0.0013736430781803599,1.0,0.0,6.05937825492346e-05,0.06191680196250714,5.9602401550368656e-05,0.062022613801800325,25,0.2,0.14433756729740646
0.200,0.006197937847207068,2.869105007834548e-15,0.9152856473035952,0.009228484737903631,71.96950637777559,0.06960138459641044,2883.638170048389,0.0011266780814551374,2883.638170048389,0.0011266780814551374,1.0,0.0,1.8057634776175332e-05,0.08750254156626573,1.7578312263122213e-05,0.08829646972286413,25,0.2,0.14433756729740646
0.300,0.006197937847207068,2.8515230633059244e-15,0.8731296972511666,0.014291203156694868,107.73839547669498,0.06932404499817643,4320.957949253209,0.0009743285888585353,4320.957949253209,0.0009743285888585353,1.0,0.0,8.24965221449283e-06,0.10687245190044016,7.954303691374e-06,0.10847665347378263,25,0.2,0.14433756729740646
0.400,0.006197937847207068,2.8603275447531253e-15,0.8312656691428273,0.019713656956409403,143.2252561628869,0.06942933933808862,5750.7572651131,0.0009752093900359363,5750.7572651131,0.0009752093900359363,1.0,0.0,4.596871433486461e-06,0.12222033219343145,4.394735390786637e-06,0.12458960371183796,25,0.2,0.14433756729740646
0.500,0.006197937847207068,2.873483684891077e-15,0.7947939010936471,0.024795636271419036,174.13675353770577,0.06961966238946625,6991.179922546517,0.002396957400922485,6991.179922546517,0.002396957400922485,1.0,0.0,2.989799997294775e-06,0.14089329621455163,2.83661316183726e-06,0.14417409076335216,25,0.2,0.14433756729740646
