Resolution,Subsamples,Porosity,Blobiness,M0,M1,M2
800,4,0.75,10,0.75018125,25864.164881513727,733
