Resolution,Subsamples,Porosity,Blobiness,M0,M1,M2
800,4,0.75,8,0.7500625,20875.482922771596,471
