Resolution,Subsamples,Porosity,Blobiness,M0,M1,M2
800,4,0.55,10,0.5511875,29538.304238013374,210
