Resolution,Subsamples,Porosity,Blobiness,M0,M1,M2
800,4,0.9,10,0.899625,15786.813336807034,736
