Sample,Avg_diameter,Porosity,Surface,Euler_total,Euler_mean_vol,Euler_mean_shape,Permeability,Energy
1,0.007013973641657299,0.81361497100412,150.5990583893,7743,7743.0,1,3.342979690741614e-06,3.19327854555634e-06
2,0.007001882647648574,0.81272572775949,151.31722361126998,7782,7782.0,1,3.3402096726594013e-06,3.1921773983215783e-06
3,0.007007813459761689,0.8126625596711099,151.35512174203,7786,7786.0,1,3.370783727946587e-06,3.2226430669167226e-06
4,0.006995469723910244,0.81474115355811,149.69111002693,7697,7697.0,1,3.4480045538386276e-06,3.296070145840087e-06
5,0.006998230071496306,0.81407407624155,150.20071271863998,7723,7723.0,1,3.4125689718891063e-06,3.261576308798913e-06
