Sample,Avg_diameter,Porosity,Surface,Euler_total,Euler_mean_vol,Euler_mean_shape,Permeability,Energy
1,0.0072273523340633024,0.90032410190375,80.39989779963601,4088,4088.0,1,1.1834672304886364e-05,1.1511203198659845e-05
2,0.0072659904723941645,0.8997568538191999,80.842095721475,4114,4114.0,1,1.1732408142278203e-05,1.1408632009830382e-05
3,0.007249118576326723,0.9005942332649399,80.16985432308,4078,4078.0,1,1.1784149403259513e-05,1.1460961754763462e-05
4,0.007234106435655587,0.90013862747266,80.551936761962,4097,4097.0,1,1.1850812508649954e-05,1.1528953256858429e-05
5,0.007235274892596253,0.89872832140783,81.67223930571801,4153,4153.0,1,1.1651343891266149e-05,1.1332241221047903e-05
