Sample,Avg_diameter,Porosity,Surface,Euler_total,Euler_mean_vol,Euler_mean_shape,Permeability,Energy
1,0.005612533875524789,0.9496214773694,60.852187843168004,3419,3419.0,1,2.0812288518015418e-05,2.027889733146376e-05
2,0.005648364036260465,0.94956946831551,60.899968416295,3427,3427.0,1,2.0718394299873528e-05,2.017737240335305e-05
3,0.005627296761263324,0.9500623415481301,60.318076695113,3390,3390.0,1,2.1086503121762884e-05,2.0540614610280685e-05
4,0.005621367387240577,0.9499628013719399,60.457559274518005,3396,3396.0,1,2.074849461325045e-05,2.020756980826558e-05
5,0.005617319649160615,0.9495095450449,60.990295314728,3426,3426.0,1,2.0780114090236947e-05,2.0241092680956857e-05
