Sample,Avg_diameter,Porosity,Surface,Euler_total,Euler_mean_vol,Euler_mean_shape,Permeability,Energy
1,0.0072219146631412046,0.93438706573332,52.933380987843,2688,2688.0,1,2.4893339155512838e-05,2.4384603520563805e-05
2,0.007267052814740972,0.93409238992981,53.163598364109994,2702,2702.0,1,2.4697453803247998e-05,2.418933323391046e-05
3,0.007243200894372614,0.93373764206404,53.472973634876006,2713,2713.0,1,2.4482110918191048e-05,2.3974550002002243e-05
4,0.0072329942603834955,0.9349488992184101,52.508376079276,2664,2664.0,1,2.5093931831394383e-05,2.458530055505453e-05
5,0.007240468234193973,0.9335006419897599,53.682580317879,2720,2720.0,1,2.448056980951244e-05,2.3982254644686768e-05
