Sample,Avg_diameter,Porosity,Surface,Euler_total,Euler_mean_vol,Euler_mean_shape,Permeability,Energy
1,0.006531035013723406,0.79134478518405,145.74392358337,5804,5804.0,1,5.2733693623331785e-06,5.158483785774466e-06
2,0.006538895817149701,0.79047329385904,145.81115013008002,5838,5838.0,1,5.267456359588285e-06,5.15078547404127e-06
3,0.006523887735838301,0.7919818833210601,145.30620230226,5801,5801.0,1,5.299282136348959e-06,5.182559403454797e-06
4,0.006519663857787252,0.79247891703824,145.42104620899,5755,5755.0,1,5.2662382328953725e-06,5.149586219697097e-06
5,0.006528674590791585,0.79144057545623,145.53169515853997,5807,5807.0,1,5.297359891475599e-06,5.182738993545004e-06
