Sample,Avg_diameter,Porosity,Surface,Euler_total,Euler_mean_vol,Euler_mean_shape,Permeability,Energy
1,0.006551710983707548,0.75284331942028,171.07297545664,6914,6914.0,1,3.99249074249251e-06,3.903260489005332e-06
2,0.006541593828802721,0.7533781712435099,170.90268690385,6921,6921.0,1,3.992453530103673e-06,3.903143833714483e-06
3,0.006549256560805737,0.75399597561723,170.67377582905002,6861,6861.0,1,4.002809176015622e-06,3.912348902766465e-06
4,0.006544948161957433,0.7539755123066999,170.75766450559,6875,6875.0,1,3.98620908307156e-06,3.896478907330813e-06
5,0.006548540537922743,0.75443534074686,170.36271555121002,6848,6848.0,1,4.018013920017858e-06,3.927897562556932e-06
