Sample,Avg_diameter,Porosity,Surface,Euler_total,Euler_mean_vol,Euler_mean_shape,Permeability,Energy
1,0.007215200407786747,0.9713750444242399,23.104090033652,1171,1171.0,1,9.207214874681639e-05,9.091743467715668e-05
2,0.007256523152405462,0.9713012783161099,23.146051464192,1177,1177.0,1,9.394984248597429e-05,9.277136608311973e-05
3,0.00722867080770969,0.97102033013358,23.381059432615,1185,1185.0,1,9.140100575826527e-05,9.023815722402843e-05
4,0.007265805410095774,0.9721453386178001,22.490909582213998,1139,1139.0,1,9.69595464518654e-05,9.576463118791256e-05
5,0.007247668786933945,0.9716141314021001,22.918388851601,1160,1160.0,1,9.393431771800261e-05,9.273729783533822e-05
