Sample,Avg_diameter,Porosity,Surface,Euler_total,Euler_mean_vol,Euler_mean_shape,Permeability,Energy
1,0.007221626246289747,0.9528284068268399,38.062282480620006,1932,1932.0,1,4.300592144395093e-05,4.229140523178921e-05
2,0.007263567104267935,0.9523294400054699,38.459191600459,1954,1954.0,1,4.232960070912799e-05,4.161666151120075e-05
3,0.00724495726511705,0.9524200963613001,38.39060648937,1947,1947.0,1,4.299389091096552e-05,4.228520259306703e-05
4,0.007230834596894454,0.95283832041335,38.068176281702,1930,1930.0,1,4.271649408157843e-05,4.200801651435574e-05
5,0.007234285204547154,0.95209152526823,38.666911936243,1960,1960.0,1,4.190947699208185e-05,4.120840245899329e-05
