Sample,Avg_diameter,Porosity,Surface,Euler_total,Euler_mean_vol,Euler_mean_shape,Permeability,Energy
1,0.0056047410715162485,0.98272333379074,20.880478729652,1171,1171.0,1,0.00010658327732501325,0.00010501977718733648
2,0.005636840427163023,0.9826750966611401,20.923817326729,1177,1177.0,1,0.00010861626548986995,0.00010702159931356776
3,0.005615204828505783,0.98251010465501,21.134970868454,1185,1185.0,1,0.00010587349433104843,0.00010430208244743007
4,0.0056440508507095595,0.9831832642709499,20.329242673343,1139,1139.0,1,0.00011176410178971223,0.00011014113507616344
5,0.005629962388714239,0.9828647426263499,20.709383175398,1160,1160.0,1,0.00010866488064796993,0.00010704300871070785
