Sample,Avg_diameter,Porosity,Surface,Euler_total,Euler_mean_vol,Euler_mean_shape,Permeability,Energy
1,0.00544842886158831,0.8875298125073101,136.03919270334,7743,7743.0,1,4.970151771208326e-06,4.7557029489216576e-06
2,0.005439036622026533,0.8869761191229799,136.69515806264,7782,7782.0,1,4.944034326108935e-06,4.7305917442919695e-06
3,0.005443643655006788,0.8869467734013,136.73205425418,7786,7786.0,1,4.9815953944743485e-06,4.7696457312631105e-06
4,0.005434055086513546,0.8882221831687801,135.20602590043998,7697,7697.0,1,5.080060562958138e-06,4.862538693492414e-06
5,0.005436199314339922,0.88781314460008,135.69137352206002,7723,7723.0,1,5.032818003691559e-06,4.816221979932055e-06
