Sample,Avg_diameter,Porosity,Surface,Euler_total,Euler_mean_vol,Euler_mean_shape,Permeability,Energy
1,0.006465512683622407,0.8290446040962399,121.77095797746999,4753,4753.0,1,7.1542862457403706e-06,7.006233176869963e-06
2,0.006477933757435306,0.82851353326955,121.78250428671998,4770,4770.0,1,7.152186809639509e-06,7.003560460981741e-06
3,0.006466367777760403,0.83099891010983,120.32230970772,4708,4708.0,1,7.265772139695707e-06,7.114707816442855e-06
4,0.006453113046088539,0.8311634592028699,120.60769104442,4704,4704.0,1,7.218199091590411e-06,7.067456644889541e-06
5,0.006471442043617912,0.82810773300497,122.23355908349,4781,4781.0,1,7.071389960722605e-06,6.923640115222049e-06
