Sample,Avg_diameter,Porosity,Surface,Euler_total,Euler_mean_vol,Euler_mean_shape,Permeability,Energy
1,0.005667156196151456,0.93049433946762,84.008659489078,4753,4753.0,1,1.1889943805423867e-05,1.1521890984227829e-05
2,0.005678043525411506,0.9303625463445,84.145109963289,4770,4770.0,1,1.1740598229931715e-05,1.1376003159483343e-05
3,0.005667905703929038,0.93127658132474,83.057401545398,4708,4708.0,1,1.201676933930724e-05,1.1643977265242466e-05
4,0.005656287656235342,0.93128663918468,83.06095296734901,4704,4704.0,1,1.2124742249381507e-05,1.1749239910082239e-05
5,0.005672353403377243,0.9300892820648501,84.46987388186,4781,4781.0,1,1.1628115008925473e-05,1.1263219766628361e-05
