Sample,Avg_diameter,Porosity,Surface,Euler_total,Euler_mean_vol,Euler_mean_shape,Permeability,Energy
1,0.005609732639170812,0.9715265174802099,34.403768485781,1932,1932.0,1,5.145666830555485e-05,5.0490604904962064e-05
2,0.005642312142995998,0.97122220291565,34.765701450307,1954,1954.0,1,5.068807109405379e-05,4.9720628233907806e-05
3,0.005627856088565312,0.9712848596835,34.69734598925999,1947,1947.0,1,5.128654804367917e-05,5.0321970956503846e-05
4,0.005616885651965775,0.97152975135195,34.408125947391,1930,1930.0,1,5.106803503172864e-05,5.0104772311061864e-05
5,0.005619566071266658,0.97107684391835,34.949334713204,1960,1960.0,1,5.014353233014505e-05,4.9192820883750364e-05
