Sample,Avg_diameter,Porosity,Surface,Euler_total,Euler_mean_vol,Euler_mean_shape,Permeability,Energy
1,0.00640025522779782,0.90202151888167,71.447272496392,2688,2688.0,1,1.7915397448617773e-05,1.762480905617901e-05
2,0.006440257873110702,0.9006645786956898,71.929880382735,2702,2702.0,1,1.7528734692599888e-05,1.7241231690853118e-05
3,0.006419119659056508,0.90082122174512,72.010807037623,2713,2713.0,1,1.7506964386664034e-05,1.7220102694446803e-05
4,0.006410074265197111,0.9022125602169301,71.252888094261,2664,2664.0,1,1.74926502609566e-05,1.7204169422425128e-05
5,0.006416697902028085,0.90077810602571,71.989184214301,2720,2720.0,1,1.751792395932591e-05,1.7231476762080605e-05
