Sample,Avg_diameter,Porosity,Surface,Euler_total,Euler_mean_vol,Euler_mean_shape,Permeability,Energy
1,0.006403195483496453,0.87566814504285,90.581491588432,3419,3419.0,1,1.2002700685258665e-05,1.1779739116683568e-05
2,0.006444073191940427,0.8742723893639399,90.843957647347,3427,3427.0,1,1.184256512674795e-05,1.1619185541454076e-05
3,0.006420038079974415,0.8760011211590201,90.059260641278,3390,3390.0,1,1.2012697963793747e-05,1.1788738700171542e-05
4,0.006413273409719511,0.87551427386903,90.633711803125,3396,3396.0,1,1.1772683100695932e-05,1.1551714394603837e-05
5,0.006408655449495694,0.87501115311559,90.90729561376301,3426,3426.0,1,1.1752655885285054e-05,1.153226645394083e-05
