Sample,Avg_diameter,Porosity,Surface,Euler_total,Euler_mean_vol,Euler_mean_shape,Permeability,Energy
1,0.005909438976295402,0.70309448935874,250.88996014447002,7656,7656.0,1,1.84115356247175e-06,1.7891644023615084e-06
2,0.005922866574313766,0.70180841248302,250.53073636927002,7764,7764.0,1,1.8523278768012095e-06,1.8002908553444691e-06
3,0.005932598966466288,0.7004631602423701,251.41253113669998,7764,7764.0,1,1.8269518077693075e-06,1.7754103950910049e-06
4,0.005934964650970464,0.70147250627822,250.90154493823,7686,7686.0,1,1.8504042658427167e-06,1.7988122268129699e-06
5,0.005914105565684728,0.70292103628985,250.79919577834,7705,7705.0,1,1.8451193559880776e-06,1.7930270605408245e-06
