Packing fraction,Avg_diameter_mean,Avg_diameter_variance,Porosity_mean,Porosity_variance,Surface_mean,Surface_variance,Euler_total_mean,Euler_total_variance,Euler_mean_vol_mean,Euler_mean_vol_variance,Euler_mean_shape_mean,Euler_mean_shape_variance,Permeability_mean,Permeability_variance,Energy_mean,Energy_variance,Samples,Mean_error,Variance_error
0.100,0.007071067811865484,1.4101143638807152e-15,0.9437367196081589,0.00011107657860979685,34.62754529921482,0.002100103355425289,1442.4386390808518,0.0013736430781803599,1442.4386390808518,0.0013736430781803599,1.0,0.0,6.615768355252532e-05,0.013609388137965455,6.560577042930448e-05,0.013677714968224395,25,0.2,0.14433756729740646
0.200,0.007071067811865484,1.4101143638807152e-15,0.8876038817085053,0.00016078521681129243,69.15918103043354,0.0013018672727781542,2883.638170048389,0.0011266780814551374,2883.638170048389,0.0011266780814551374,1.0,0.0,2.1029609257210012e-05,0.010904197842763605,2.0748373640846485e-05,0.011021930123005523,25,0.2,0.14433756729740646
0.300,0.007071067811865484,1.3761392409913296e-15,0.8317185532786452,0.00020999217331564845,103.51490927844608,0.0010928195623734704,4320.957949253209,0.0009743285888585353,4320.957949253209,0.0009743285888585353,1.0,0.0,1.0305708677237648e-05,0.009354438503788243,1.0127152703410948e-05,0.00950973773360571,25,0.2,0.14433756729740646
0.400,0.007071067811865484,1.3932303703657387e-15,0.7762644450491826,0.000264430625626828,137.57561319120683,0.0008902356514745832,5750.7572651131,0.0009752093900359363,5750.7572651131,0.0009752093900359363,1.0,0.0,6.18297970483301e-06,0.005246406436309958,6.058646792240373e-06,0.005365725636345982,25,0.2,0.14433756729740646
0.500,0.007071067811865484,1.4184809996539766e-15,0.7280082296140243,0.0009274899224127527,167.24197586879586,0.0024345549376607566,6991.179922546517,0.002396957400922485,6991.179922546517,0.002396957400922485,1.0,0.0,4.303733126542874e-06,0.00674420293994339,4.208896351516306e-06,0.006830648939738779,25,0.2,0.14433756729740646
