Sample,Avg_diameter,Porosity,Surface,Euler_total,Euler_mean_vol,Euler_mean_shape,Permeability,Energy
1,0.005724587879791758,0.91541040675469,102.28081588591999,5804,5804.0,1,8.329292632811262e-06,8.041383185170771e-06
2,0.005731478037312737,0.91483098656015,102.97497909423001,5838,5838.0,1,8.259421981909656e-06,7.972809488474333e-06
3,0.005718323142231998,0.9153339835408199,102.36390437908001,5801,5801.0,1,8.348687268318831e-06,8.060605072321525e-06
4,0.0057146208253640056,0.9159846282151299,101.58692781748002,5755,5755.0,1,8.425216929174693e-06,8.13277109814871e-06
5,0.005722518920051334,0.9153131937680501,102.40613189567,5807,5807.0,1,8.221902872568413e-06,7.9358837673766e-06
