Sample,Avg_diameter,Porosity,Surface,Euler_total,Euler_mean_vol,Euler_mean_shape,Permeability,Energy
1,0.006668087830073964,0.8159346967955999,148.73366997462,7656,7656.0,1,3.6489288345005157e-06,3.4860358878700142e-06
2,0.00668323925194202,0.8134598010419699,150.7310529867,7764,7764.0,1,3.5444975258595935e-06,3.3843728010963607e-06
3,0.0066942210804929285,0.8134633469883001,150.71458942293998,7764,7764.0,1,3.4962174964928144e-06,3.336239546136839e-06
4,0.006696890469603363,0.81516442295072,149.34436733022,7686,7686.0,1,3.5232799345699944e-06,3.3630577874042366e-06
5,0.006673353512322269,0.81491915730501,149.55978868217,7705,7705.0,1,3.5369294003908183e-06,3.3767243899278776e-06
