Sample,Avg_diameter,Porosity,Surface,Euler_total,Euler_mean_vol,Euler_mean_shape,Permeability,Energy
1,0.006013742418258006,0.7175903220304799,228.79000240122997,7794,7794.0,1,2.2543757254684477e-06,2.195401513908495e-06
2,0.006016038540372754,0.7169647590178199,228.6843700739,7872,7872.0,1,2.255255193305549e-06,2.196189127447287e-06
3,0.006019205231113801,0.7178070493146099,228.86626983724,7777,7777.0,1,2.2411076806515525e-06,2.1820552485388088e-06
4,0.006018466814964075,0.7175759616734899,228.58626082485,7812,7812.0,1,2.2533928803263833e-06,2.1947403807071856e-06
5,0.006016486474133056,0.7171235212872,229.15413300833998,7808,7808.0,1,2.24542659034888e-06,2.1866258252123363e-06
