Sample,Avg_diameter,Porosity,Surface,Euler_total,Euler_mean_vol,Euler_mean_shape,Permeability,Energy
1,0.0063999996250183044,0.92959055408209,51.378144534719,1932,1932.0,1,3.063751172493515e-05,3.0226975751597053e-05
2,0.006437168742635164,0.9280734814994099,52.212311998929,1954,1954.0,1,2.9679763042344304e-05,2.9274290627063103e-05
3,0.0064206762021013055,0.92887404178002,51.612997028729,1947,1947.0,1,3.0516032523435422e-05,3.0103818864308663e-05
4,0.006408160313263205,0.92949567207645,51.304488747717,1930,1930.0,1,2.9948652305068967e-05,2.9537172776184678e-05
5,0.0064112183346742005,0.9285831234219399,51.857938099441995,1960,1960.0,1,3.0003692750204386e-05,2.9603249656831427e-05
