Sample,Avg_diameter,Porosity,Surface,Euler_total,Euler_mean_vol,Euler_mean_shape,Permeability,Energy
1,0.006785781661040923,0.81248186463602,151.52217876372,7794,7794.0,1,3.349261218213485e-06,3.196007137403839e-06
2,0.006788372557400311,0.81061238965619,153.02744746831002,7872,7872.0,1,3.3205260420790384e-06,3.170293157631823e-06
3,0.006791945785261143,0.81303643673539,151.07040941325002,7777,7777.0,1,3.430688492781775e-06,3.2751600918299807e-06
4,0.0067911125718611446,0.81205426952968,151.87809393393,7812,7812.0,1,3.3465282222321664e-06,3.1942487778989443e-06
5,0.006788877996523675,0.81231174122599,151.64536622408002,7808,7808.0,1,3.3151847084360945e-06,3.16376878667413e-06
