Sample,Avg_diameter,Porosity,Surface,Euler_total,Euler_mean_vol,Euler_mean_shape,Permeability,Energy
1,0.006405074238180735,0.85121799367257,108.35666045298001,4088,4088.0,1,8.740400845377769e-06,8.562068841670397e-06
2,0.006439316396718913,0.8491290477426701,109.08848906718,4114,4114.0,1,8.602059295013032e-06,8.422900163713e-06
3,0.0064243640681405055,0.85063335293836,108.46309393870001,4078,4078.0,1,8.659653851206068e-06,8.481335868723208e-06
4,0.00641105990486906,0.8503038118035601,108.92376013481,4097,4097.0,1,8.564176735556897e-06,8.385484969603364e-06
5,0.006412095422871111,0.8486474242736299,110.0246960474,4153,4153.0,1,8.429934145784572e-06,8.253929471097269e-06
